-- ุงูุจูุงูุงุช ุงูุชุฌุฑูุจูุฉ ููููุน ุงููุงู

-- ุฅุนุฏุงุฏุงุช ุงููููุน
INSERT OR REPLACE INTO site_settings (
    id, site_name, site_logo, site_description, site_keywords,
    social_facebook, social_twitter, social_instagram, social_telegram,
    contact_email, ads_enabled, maintenance_mode, allow_registration
) VALUES (
    1, 'ุงููุงู', '/images/logo.png', 'ูููุน ุงูุชุญููู ูุงููุดุงูุฏุฉ ุงูุนุฑุจู ุงูุฃูู',
    'ุฃููุงู, ูุณูุณูุงุช, ุงููุงู, ูุดุงูุฏุฉ, ุชุญููู, ุนุฑุจู',
    'https://facebook.com/akwam', 'https://twitter.com/akwam',
    'https://instagram.com/akwam', 'https://t.me/akwam',
    'contact@akwam.com', true, false, true
);

-- ุงูุฃูุณุงู ุงูุฑุฆูุณูุฉ
INSERT OR REPLACE INTO sections (id, name, slug, description, icon, sort_order) VALUES
(1, 'ุฃููุงู', 'movies', 'ูุณู ุงูุฃููุงู ุงูุนุฑุจูุฉ ูุงูุฃุฌูุจูุฉ', 'movie', 1),
(2, 'ูุณูุณูุงุช', 'series', 'ูุณู ุงููุณูุณูุงุช ุงูุนุฑุจูุฉ ูุงูุฃุฌูุจูุฉ', 'tv', 2),
(3, 'ุชููุฒููู', 'shows', 'ูุณู ุงูุจุฑุงูุฌ ุงูุชููุฒููููุฉ', 'broadcast', 3),
(4, 'ูููุนุงุช', 'mix', 'ูุณู ุงููุญุชูู ุงููุชููุน', 'variety', 4);

-- ุงูุชุตูููุงุช/ุงูุฃููุงุน
INSERT OR REPLACE INTO categories (id, name, slug, description, color, sort_order) VALUES
(1, 'ุงูุดู', 'action', 'ุฃููุงู ููุณูุณูุงุช ุงูุฃูุดู ูุงูุฅุซุงุฑุฉ', '#e74c3c', 1),
(2, 'ููููุฏู', 'comedy', 'ุงูุฃููุงู ูุงููุณูุณูุงุช ุงูููููุฏูุฉ', '#f39c12', 2),
(3, 'ุฏุฑุงูุง', 'drama', 'ุงูุฃููุงู ูุงููุณูุณูุงุช ุงูุฏุฑุงููุฉ', '#3498db', 3),
(4, 'ุฑููุงูุณู', 'romance', 'ุฃููุงู ููุณูุณูุงุช ุงูุฑููุงูุณูุฉ', '#e91e63', 4),
(5, 'ุฎูุงู ุนููู', 'sci-fi', 'ุฃููุงู ุงูุฎูุงู ุงูุนููู ูุงููุงูุชุงุฒูุง', '#9c27b0', 5),
(6, 'ุฑุนุจ', 'horror', 'ุฃููุงู ููุณูุณูุงุช ุงูุฑุนุจ ูุงูุฅุซุงุฑุฉ', '#795548', 6),
(7, 'ูุบุงูุฑุงุช', 'adventure', 'ุฃููุงู ููุณูุณูุงุช ุงููุบุงูุฑุงุช', '#4caf50', 7),
(8, 'ุฌุฑููุฉ', 'crime', 'ุฃููุงู ููุณูุณูุงุช ุงูุฌุฑููุฉ ูุงูุชุดููู', '#607d8b', 8),
(9, 'ูุซุงุฆูู', 'documentary', 'ุงูุฃููุงู ุงููุซุงุฆููุฉ ุงูุชุนููููุฉ', '#ff9800', 9),
(10, 'ุงููู', 'anime', 'ุงูุฃููู ูุงูุฑุณูู ุงููุชุญุฑูุฉ', '#2196f3', 10),
(11, 'ุฑูุถุงู', 'ramadan', 'ูุญุชูู ุดูุฑ ุฑูุถุงู ุงููุจุงุฑู', '#ffc107', 11),
(12, 'ูุฏุจูุฌ', 'dubbed', 'ุงููุญุชูู ุงููุฏุจูุฌ ุจุงูุนุฑุจูุฉ', '#8bc34a', 12),
(13, 'NETFLIX', 'netflix', 'ูุญุชูู ูู ููุตุฉ ูุชููููุณ', '#e50914', 13);

-- ุงูุจูุฏุงู
INSERT OR REPLACE INTO countries (id, name, code, flag) VALUES
(1, 'ูุตุฑ', 'EG', '๐ช๐ฌ'),
(2, 'ุงูุฅูุงุฑุงุช', 'AE', '๐ฆ๐ช'),
(3, 'ุงูุณุนูุฏูุฉ', 'SA', '๐ธ๐ฆ'),
(4, 'ูุจูุงู', 'LB', '๐ฑ๐ง'),
(5, 'ุณูุฑูุง', 'SY', '๐ธ๐พ'),
(6, 'ุงูุฃุฑุฏู', 'JO', '๐ฏ๐ด'),
(7, 'ุงููุบุฑุจ', 'MA', '๐ฒ๐ฆ'),
(8, 'ุงูุฌุฒุงุฆุฑ', 'DZ', '๐ฉ๐ฟ'),
(9, 'ุชููุณ', 'TN', '๐น๐ณ'),
(10, 'ุงูุนุฑุงู', 'IQ', '๐ฎ๐ถ'),
(11, 'ุงููููุช', 'KW', '๐ฐ๐ผ'),
(12, 'ูุทุฑ', 'QA', '๐ถ๐ฆ'),
(13, 'ุงูุจุญุฑูู', 'BH', '๐ง๐ญ'),
(14, 'ุนูุงู', 'OM', '๐ด๐ฒ'),
(15, 'ููุณุทูู', 'PS', '๐ต๐ธ'),
(16, 'ุงูููู', 'YE', '๐พ๐ช'),
(17, 'ููุจูุง', 'LY', '๐ฑ๐พ'),
(18, 'ุงูุณูุฏุงู', 'SD', '๐ธ๐ฉ'),
(19, 'ุงูููุงูุงุช ุงููุชุญุฏุฉ', 'US', '๐บ๐ธ'),
(20, 'ุงูููููุฉ ุงููุชุญุฏุฉ', 'GB', '๐ฌ๐ง'),
(21, 'ูุฑูุณุง', 'FR', '๐ซ๐ท'),
(22, 'ุฃููุงููุง', 'DE', '๐ฉ๐ช'),
(23, 'ุฅูุทุงููุง', 'IT', '๐ฎ๐น'),
(24, 'ุฅุณุจุงููุง', 'ES', '๐ช๐ธ'),
(25, 'ุฑูุณูุง', 'RU', '๐ท๐บ'),
(26, 'ุงูุตูู', 'CN', '๐จ๐ณ'),
(27, 'ุงููุงุจุงู', 'JP', '๐ฏ๐ต'),
(28, 'ููุฑูุง ุงูุฌููุจูุฉ', 'KR', '๐ฐ๐ท'),
(29, 'ุงูููุฏ', 'IN', '๐ฎ๐ณ'),
(30, 'ุชุฑููุง', 'TR', '๐น๐ท');

-- ุงููุบุงุช
INSERT OR REPLACE INTO languages (id, name, code) VALUES
(1, 'ุงูุนุฑุจูุฉ', 'ar'),
(2, 'ุงูุฅูุฌููุฒูุฉ', 'en'),
(3, 'ุงููุฑูุณูุฉ', 'fr'),
(4, 'ุงูุฃููุงููุฉ', 'de'),
(5, 'ุงูุฅุณุจุงููุฉ', 'es'),
(6, 'ุงูุฅูุทุงููุฉ', 'it'),
(7, 'ุงูุฑูุณูุฉ', 'ru'),
(8, 'ุงูุตูููุฉ', 'zh'),
(9, 'ุงููุงุจุงููุฉ', 'ja'),
(10, 'ุงูููุฑูุฉ', 'ko'),
(11, 'ุงูููุฏูุฉ', 'hi'),
(12, 'ุงูุชุฑููุฉ', 'tr'),
(13, 'ุงููุงุฑุณูุฉ', 'fa'),
(14, 'ุงูุฃุฑุฏูุฉ', 'ur');

-- ุงูุฌูุฏุงุช
INSERT OR REPLACE INTO qualities (id, name, resolution, sort_order) VALUES
(1, 'SD', '480p', 1),
(2, 'HD', '720p', 2),
(3, 'Full HD', '1080p', 3),
(4, '4K', '2160p', 4),
(5, 'WEB-DL', '1080p', 5),
(6, 'BluRay', '1080p', 6),
(7, 'HDTV', '720p', 7),
(8, 'CAM', '360p', 8);

-- ุงูุฃุดุฎุงุต (ููุซูููุ ูุฎุฑุฌููุ ูุชุงุจ)
INSERT OR REPLACE INTO people (id, name, original_name, slug, biography, profile_photo, birth_date, nationality, popularity) VALUES
(1, 'ุฃุญูุฏ ุญููู', 'Ahmed Helmy', 'ahmed-helmy', 'ููุซู ููููุฏู ูุตุฑู ุดููุฑ', '/images/people/ahmed-helmy.jpg', '1969-11-18', 'ูุตุฑู', 95.5),
(2, 'ููุฏ ุตุจุฑู', 'Hend Sabry', 'hend-sabry', 'ููุซูุฉ ุชููุณูุฉ ูุตุฑูุฉ ูุดููุฑุฉ', '/images/people/hend-sabry.jpg', '1979-11-20', 'ุชููุณูุฉ', 92.3),
(3, 'ูุญูุฏ ูููุฏู', 'Mohamed Henedy', 'mohamed-henedy', 'ููุซู ููููุฏู ูุตุฑู', '/images/people/mohamed-henedy.jpg', '1965-02-01', 'ูุตุฑู', 89.7),
(4, 'ูุงุณุฑ ุฌูุงู', 'Yasser Galal', 'yasser-galal', 'ููุซู ูุตุฑู ูุชููุฒ', '/images/people/yasser-galal.jpg', '1973-04-01', 'ูุตุฑู', 87.1),
(5, 'ุบุงุฏุฉ ุนุจุฏ ุงูุฑุงุฒู', 'Ghada Abdel Razek', 'ghada-abdel-razek', 'ููุซูุฉ ูุตุฑูุฉ ุดููุฑุฉ', '/images/people/ghada-abdel-razek.jpg', '1965-09-03', 'ูุตุฑูุฉ', 85.9),
(6, 'ูุญูุฏ ุฑูุถุงู', 'Mohamed Ramadan', 'mohamed-ramadan', 'ููุซู ููุทุฑุจ ูุตุฑู', '/images/people/mohamed-ramadan.jpg', '1988-05-23', 'ูุตุฑู', 94.2),
(7, 'ุฃููุฑ ูุฑุงุฑุฉ', 'Amir Karara', 'amir-karara', 'ููุซู ูุตุฑู', '/images/people/amir-karara.jpg', '1977-10-10', 'ูุตุฑู', 91.8),
(8, 'ูุณุฑุง ุงูููุฒู', 'Yousra El Lozy', 'yousra-el-lozy', 'ููุซูุฉ ูุตุฑูุฉ', '/images/people/yousra-el-lozy.jpg', '1985-04-06', 'ูุตุฑูุฉ', 83.4),
(9, 'ูุญูุฏ ููุฏูุญ', 'Mohamed Mamdouh', 'mohamed-mamdouh', 'ููุซู ูุตุฑู ููููุจ', '/images/people/mohamed-mamdouh.jpg', '1984-12-23', 'ูุตุฑู', 88.6),
(10, 'ูู ุนุฒ ุงูุฏูู', 'Mai Ezz El Din', 'mai-ezz-el-din', 'ููุซูุฉ ูุตุฑูุฉ', '/images/people/mai-ezz-el-din.jpg', '1980-05-15', 'ูุตุฑูุฉ', 82.3);

-- ุงูุฃุฏูุงุฑ/ุงูููู
INSERT OR REPLACE INTO roles (id, name, slug) VALUES
(1, 'ููุซู', 'actor'),
(2, 'ููุซูุฉ', 'actress'),
(3, 'ูุฎุฑุฌ', 'director'),
(4, 'ููุชุฌ', 'producer'),
(5, 'ูุงุชุจ ุณููุงุฑูู', 'writer'),
(6, 'ูุคูู ููุณููู', 'composer'),
(7, 'ูุตูุฑ ุณูููุงุฆู', 'cinematographer'),
(8, 'ูููุชูุฑ', 'editor'),
(9, 'ูุตูู ุฅูุชุงุฌ', 'production-designer'),
(10, 'ูุตูู ุฃุฒูุงุก', 'costume-designer');

-- ุงูุฃููุงู
INSERT OR REPLACE INTO movies (
    id, title, original_title, slug, description, poster, backdrop, trailer_url,
    release_date, runtime, imdb_id, imdb_rating, tmdb_rating, local_rating,
    views_count, downloads_count, section_id, country_id, language_id, quality_id,
    is_featured, is_trending
) VALUES
(1, 'ุงูููู ุงูุฃุฒุฑู 2', 'The Blue Elephant 2', 'blue-elephant-2', 
 'ูููู ุฑุนุจ ูุตุฑู ูู ุฅุฎุฑุงุฌ ูุฑูุงู ุญุงูุฏุ ูุญูู ูุตุฉ ุงูุทุจูุจ ุงูููุณู ูุญูู ุงูุฐู ููุงุฌู ุญุงูุงุช ุบุฑูุจุฉ ููุฑุนุจุฉ', 
 '/images/movies/blue-elephant-2.jpg', '/images/movies/blue-elephant-2-bg.jpg', 
 'https://www.youtube.com/watch?v=xyz123', '2019-07-25', 170, 'tt8721424', 7.2, 7.8, 8.1, 
 125000, 45000, 1, 1, 1, 3, true, true),

(2, 'ุงูููุฑ', 'The Passage', 'the-passage', 
 'ูููู ุญุฑุจ ูุตุฑู ูุญูู ูุตุฉ ุจุทููุฉ ุงูุฌูุด ุงููุตุฑู ูู ุญุฑุจ ุฃูุชูุจุฑ 1973', 
 '/images/movies/the-passage.jpg', '/images/movies/the-passage-bg.jpg', 
 'https://www.youtube.com/watch?v=abc456', '2019-01-09', 100, 'tt9012345', 8.1, 8.5, 8.9, 
 200000, 80000, 1, 1, 1, 3, true, true),

(3, 'ููุฑุฉ ูุงูุฌู', 'Kira and the Jinn', 'kira-and-jinn', 
 'ูููู ููููุฏู ุฑุนุจ ูุตุฑู ูู ุจุทููุฉ ูุฑูู ูุญููุฏ ุนุจุฏ ุงูุนุฒูุฒ', 
 '/images/movies/kira-jinn.jpg', '/images/movies/kira-jinn-bg.jpg', 
 'https://www.youtube.com/watch?v=def789', '2023-01-25', 95, 'tt1234567', 6.8, 7.1, 7.5, 
 95000, 35000, 1, 1, 1, 2, false, true),

(4, 'ุงูุจุฏูุฉ', 'The Suit', 'the-suit', 
 'ูููู ููููุฏู ูุตุฑู ูู ุจุทููุฉ ุชุงูุฑ ุญุณูู', 
 '/images/movies/the-suit.jpg', '/images/movies/the-suit-bg.jpg', 
 'https://www.youtube.com/watch?v=ghi012', '2018-08-15', 110, 'tt8765432', 6.5, 6.9, 7.2, 
 78000, 28000, 1, 1, 1, 2, false, false),

(5, '122', '122', '122-movie', 
 'ูููู ุชุดููู ูุตุฑู ูู ุจุทููุฉ ุฃุญูุฏ ุฏุงุด', 
 '/images/movies/122.jpg', '/images/movies/122-bg.jpg', 
 'https://www.youtube.com/watch?v=jkl345', '2019-01-02', 95, 'tt5678901', 7.3, 7.6, 7.9, 
 110000, 42000, 1, 1, 1, 2, false, true),

(6, 'ุตูุฏูู ุงูุฏููุง', 'World Box', 'world-box', 
 'ูููู ุฏุฑุงูุง ููููุฏู ูุตุฑู', 
 '/images/movies/world-box.jpg', '/images/movies/world-box-bg.jpg', 
 'https://www.youtube.com/watch?v=mno678', '2020-12-09', 105, 'tt2345678', 7.0, 7.3, 7.7, 
 65000, 25000, 1, 1, 1, 2, false, false),

(7, 'ุงูุบุฑุจุฉ', 'The Exile', 'the-exile', 
 'ูููู ุฏุฑุงูุง ุงุฌุชูุงุนูุฉ ูุตุฑู', 
 '/images/movies/the-exile.jpg', '/images/movies/the-exile-bg.jpg', 
 'https://www.youtube.com/watch?v=pqr901', '2021-03-18', 118, 'tt3456789', 6.9, 7.2, 7.4, 
 58000, 22000, 1, 1, 1, 2, false, false),

(8, 'ุฃุจู ุดูุจ', 'Abu Shanab', 'abu-shanab', 
 'ูููู ููููุฏู ูุตุฑู ูู ุจุทููุฉ ูุงุณุฑ ุฌูุงู', 
 '/images/movies/abu-shanab.jpg', '/images/movies/abu-shanab-bg.jpg', 
 'https://www.youtube.com/watch?v=stu234', '2016-07-13', 88, 'tt4567890', 6.2, 6.5, 6.8, 
 45000, 18000, 1, 1, 1, 2, false, false),

(9, 'ููุงุฏ ุฑุฒู 2', 'Sons of Rizk 2', 'sons-of-rizk-2', 
 'ูููู ุฃูุดู ููููุฏู ูุตุฑูุ ุงูุฌุฒุก ุงูุซุงูู ูู ุณูุณูุฉ ููุงุฏ ุฑุฒู', 
 '/images/movies/sons-rizk-2.jpg', '/images/movies/sons-rizk-2-bg.jpg', 
 'https://www.youtube.com/watch?v=vwx567', '2019-08-21', 103, 'tt6789012', 7.1, 7.4, 7.8, 
 135000, 52000, 1, 1, 1, 3, true, false),

(10, 'ุงูููุฒ', 'The Treasure', 'the-treasure', 
 'ูููู ูุบุงูุฑุงุช ุชุงุฑูุฎู ูุตุฑู ูู ุจุทููุฉ ูุญูุฏ ุณุนุฏ', 
 '/images/movies/the-treasure.jpg', '/images/movies/the-treasure-bg.jpg', 
 'https://www.youtube.com/watch?v=yza890', '2017-08-02', 112, 'tt7890123', 6.7, 7.0, 7.3, 
 72000, 28000, 1, 1, 1, 2, false, false);

-- ุงููุณูุณูุงุช
INSERT OR REPLACE INTO series (
    id, title, original_title, slug, description, poster, backdrop, trailer_url,
    first_air_date, last_air_date, total_seasons, total_episodes, episode_runtime, status,
    imdb_id, imdb_rating, tmdb_rating, local_rating, views_count, section_id, country_id, language_id, quality_id,
    is_featured, is_trending
) VALUES
(1, 'ูุนุจุฉ ูููุชู', 'Newton Game', 'newton-game', 
 'ูุณูุณู ุชุดููู ูุฅุซุงุฑุฉ ูู ุจุทููุฉ ูุญูุฏ ููุฏูุญ ููููุง ุฒูู', 
 '/images/series/newton-game.jpg', '/images/series/newton-game-bg.jpg', 
 'https://www.youtube.com/watch?v=series1', '2021-04-13', '2021-05-27', 1, 30, 45, 'completed',
 'tt12345678', 8.2, 8.5, 8.8, 2500000, 2, 1, 1, 3, true, true),

(2, 'ุงูุงุฎุชูุงุฑ', 'The Choice', 'the-choice', 
 'ูุณูุณู ุฏุฑุงูู ูุญูู ูุตุฉ ุงูุดููุฏ ุฃุญูุฏ ุงูููุณู ูุจุทููุงุช ุงูุฌูุด ุงููุตุฑู', 
 '/images/series/the-choice.jpg', '/images/series/the-choice-bg.jpg', 
 'https://www.youtube.com/watch?v=series2', '2020-04-15', '2020-05-29', 1, 30, 50, 'completed',
 'tt23456789', 9.1, 9.3, 9.5, 3200000, 2, 1, 1, 3, true, true),

(3, 'ูููู ุงูุฌุฏุนูุฉ', 'Kings of Toughness', 'kings-toughness', 
 'ูุณูุณู ููููุฏู ุงุฌุชูุงุนู ูู ุจุทููุฉ ูุญูุฏ ูููุฏู', 
 '/images/series/kings-toughness.jpg', '/images/series/kings-toughness-bg.jpg', 
 'https://www.youtube.com/watch?v=series3', '2021-04-13', '2021-05-27', 1, 30, 35, 'completed',
 'tt34567890', 7.5, 7.8, 8.1, 1800000, 2, 1, 1, 2, false, true),

(4, 'ููุณู', 'Moses', 'moses', 
 'ูุณูุณู ุฏุฑุงูู ุชุงุฑูุฎู ูู ุจุทููุฉ ูุญูุฏ ุฑูุถุงู', 
 '/images/series/moses.jpg', '/images/series/moses-bg.jpg', 
 'https://www.youtube.com/watch?v=series4', '2021-04-13', '2021-05-27', 1, 30, 40, 'completed',
 'tt45678901', 6.8, 7.1, 7.4, 1600000, 2, 1, 1, 2, false, false),

(5, 'ูุณู ุงูุฃุบุฑุงุจ', 'Offspring of Strangers', 'offspring-strangers', 
 'ูุณูุณู ุฃูุดู ูุชุดููู ูู ุจุทููุฉ ุฃุญูุฏ ุงูุณูุง', 
 '/images/series/offspring-strangers.jpg', '/images/series/offspring-strangers-bg.jpg', 
 'https://www.youtube.com/watch?v=series5', '2019-05-06', '2019-06-19', 1, 30, 45, 'completed',
 'tt56789012', 8.0, 8.2, 8.4, 2100000, 2, 1, 1, 3, true, false),

(6, 'ุงูุจุฑูุณ', 'The Prince', 'the-prince', 
 'ูุณูุณู ุฏุฑุงูู ูู ุจุทููุฉ ูุญูุฏ ุฑูุถุงู', 
 '/images/series/the-prince.jpg', '/images/series/the-prince-bg.jpg', 
 'https://www.youtube.com/watch?v=series6', '2020-04-24', '2020-06-07', 1, 30, 42, 'completed',
 'tt67890123', 7.2, 7.5, 7.8, 1900000, 2, 1, 1, 2, false, true),

(7, 'ุฃูุงูุฉ ูู ุฑูุจุชู', 'Trust in My Neck', 'trust-my-neck', 
 'ูุณูุณู ุงุฌุชูุงุนู ุฏุฑุงูู ูู ุจุทููุฉ ูุณุฑุง', 
 '/images/series/trust-my-neck.jpg', '/images/series/trust-my-neck-bg.jpg', 
 'https://www.youtube.com/watch?v=series7', '2022-04-02', '2022-05-16', 1, 30, 38, 'completed',
 'tt78901234', 7.8, 8.0, 8.2, 1700000, 2, 1, 1, 2, false, false),

(8, 'ููุฑุชูุฌู', 'Vertigo', 'vertigo', 
 'ูุณูุณู ุชุดููู ููุณู ูู ุจุทููุฉ ุฃุญูุฏ ุญุงุชู', 
 '/images/series/vertigo.jpg', '/images/series/vertigo-bg.jpg', 
 'https://www.youtube.com/watch?v=series8', '2022-04-02', '2022-05-16', 1, 30, 40, 'completed',
 'tt89012345', 7.6, 7.9, 8.0, 1500000, 2, 1, 1, 2, false, false),

(9, 'ููููุฏ 25', 'Covid 25', 'covid-25', 
 'ูุณูุณู ุฎูุงู ุนููู ูู ุจุทููุฉ ููุณู ุงูุดุฑูู', 
 '/images/series/covid-25.jpg', '/images/series/covid-25-bg.jpg', 
 'https://www.youtube.com/watch?v=series9', '2021-04-13', '2021-05-27', 1, 30, 43, 'completed',
 'tt90123456', 6.9, 7.2, 7.5, 1300000, 2, 1, 1, 2, false, false),

(10, 'ูุฌูุฉ ูุฑุชุฏุฉ', 'Counter Attack', 'counter-attack', 
 'ูุณูุณู ุฃูุดู ูุฅุซุงุฑุฉ ูู ุจุทููุฉ ุฃุญูุฏ ุงูุนูุถู', 
 '/images/series/counter-attack.jpg', '/images/series/counter-attack-bg.jpg', 
 'https://www.youtube.com/watch?v=series10', '2023-04-10', '2023-05-24', 1, 30, 47, 'completed',
 'tt01234567', 8.3, 8.6, 8.9, 2800000, 2, 1, 1, 3, true, true);

-- ุงูููุงุณู ูููุณูุณูุงุช
INSERT OR REPLACE INTO seasons (id, series_id, season_number, title, description, poster, air_date, episode_count) VALUES
(1, 1, 1, 'ุงูููุณู ุงูุฃูู', 'ุงูููุณู ุงูุฃูู ูู ูุนุจุฉ ูููุชู', '/images/series/newton-game-s1.jpg', '2021-04-13', 30),
(2, 2, 1, 'ุงูููุณู ุงูุฃูู', 'ุงูููุณู ุงูุฃูู ูู ุงูุงุฎุชูุงุฑ', '/images/series/the-choice-s1.jpg', '2020-04-15', 30),
(3, 3, 1, 'ุงูููุณู ุงูุฃูู', 'ุงูููุณู ุงูุฃูู ูู ูููู ุงูุฌุฏุนูุฉ', '/images/series/kings-toughness-s1.jpg', '2021-04-13', 30),
(4, 4, 1, 'ุงูููุณู ุงูุฃูู', 'ุงูููุณู ุงูุฃูู ูู ููุณู', '/images/series/moses-s1.jpg', '2021-04-13', 30),
(5, 5, 1, 'ุงูููุณู ุงูุฃูู', 'ุงูููุณู ุงูุฃูู ูู ูุณู ุงูุฃุบุฑุงุจ', '/images/series/offspring-strangers-s1.jpg', '2019-05-06', 30),
(6, 6, 1, 'ุงูููุณู ุงูุฃูู', 'ุงูููุณู ุงูุฃูู ูู ุงูุจุฑูุณ', '/images/series/the-prince-s1.jpg', '2020-04-24', 30),
(7, 7, 1, 'ุงูููุณู ุงูุฃูู', 'ุงูููุณู ุงูุฃูู ูู ุฃูุงูุฉ ูู ุฑูุจุชู', '/images/series/trust-my-neck-s1.jpg', '2022-04-02', 30),
(8, 8, 1, 'ุงูููุณู ุงูุฃูู', 'ุงูููุณู ุงูุฃูู ูู ููุฑุชูุฌู', '/images/series/vertigo-s1.jpg', '2022-04-02', 30),
(9, 9, 1, 'ุงูููุณู ุงูุฃูู', 'ุงูููุณู ุงูุฃูู ูู ููููุฏ 25', '/images/series/covid-25-s1.jpg', '2021-04-13', 30),
(10, 10, 1, 'ุงูููุณู ุงูุฃูู', 'ุงูููุณู ุงูุฃูู ูู ูุฌูุฉ ูุฑุชุฏุฉ', '/images/series/counter-attack-s1.jpg', '2023-04-10', 30);

-- ุญููุงุช ููููุฉ ููุนููุฉ (5 ุญููุงุช ููู ูุณูุณู)
INSERT OR REPLACE INTO episodes (id, series_id, season_id, episode_number, title, description, air_date, runtime, views_count) VALUES
-- ูุนุจุฉ ูููุชู
(1, 1, 1, 1, 'ุงูุจุฏุงูุฉ', 'ุงูุญููุฉ ุงูุฃููู ูู ูุนุจุฉ ูููุชู', '2021-04-13', 45, 150000),
(2, 1, 1, 2, 'ุงููุบุฒ ุงูุฃูู', 'ุงูุญููุฉ ุงูุซุงููุฉ ูู ูุนุจุฉ ูููุชู', '2021-04-14', 45, 145000),
(3, 1, 1, 3, 'ุงููุดู', 'ุงูุญููุฉ ุงูุซุงูุซุฉ ูู ูุนุจุฉ ูููุชู', '2021-04-15', 45, 140000),
(4, 1, 1, 4, 'ุงูููุงุฌูุฉ', 'ุงูุญููุฉ ุงูุฑุงุจุนุฉ ูู ูุนุจุฉ ูููุชู', '2021-04-16', 45, 142000),
(5, 1, 1, 5, 'ุงูุชุทูุฑ', 'ุงูุญููุฉ ุงูุฎุงูุณุฉ ูู ูุนุจุฉ ูููุชู', '2021-04-17', 45, 138000),

-- ุงูุงุฎุชูุงุฑ
(6, 2, 2, 1, 'ุงูุจุทู', 'ุงูุญููุฉ ุงูุฃููู ูู ุงูุงุฎุชูุงุฑ', '2020-04-15', 50, 200000),
(7, 2, 2, 2, 'ุงูุชุถุญูุฉ', 'ุงูุญููุฉ ุงูุซุงููุฉ ูู ุงูุงุฎุชูุงุฑ', '2020-04-16', 50, 195000),
(8, 2, 2, 3, 'ุงูุดูุงุฏุฉ', 'ุงูุญููุฉ ุงูุซุงูุซุฉ ูู ุงูุงุฎุชูุงุฑ', '2020-04-17', 50, 198000),
(9, 2, 2, 4, 'ุงูุนุฒู', 'ุงูุญููุฉ ุงูุฑุงุจุนุฉ ูู ุงูุงุฎุชูุงุฑ', '2020-04-18', 50, 192000),
(10, 2, 2, 5, 'ุงูุฅููุงู', 'ุงูุญููุฉ ุงูุฎุงูุณุฉ ูู ุงูุงุฎุชูุงุฑ', '2020-04-19', 50, 190000),

-- ูููู ุงูุฌุฏุนูุฉ
(11, 3, 3, 1, 'ุงูุฌุฏุนุงู', 'ุงูุญููุฉ ุงูุฃููู ูู ูููู ุงูุฌุฏุนูุฉ', '2021-04-13', 35, 120000),
(12, 3, 3, 2, 'ุงููุดุงูู', 'ุงูุญููุฉ ุงูุซุงููุฉ ูู ูููู ุงูุฌุฏุนูุฉ', '2021-04-14', 35, 118000),
(13, 3, 3, 3, 'ุงูุญููู', 'ุงูุญููุฉ ุงูุซุงูุซุฉ ูู ูููู ุงูุฌุฏุนูุฉ', '2021-04-15', 35, 115000),
(14, 3, 3, 4, 'ุงูุตุฏุงูุฉ', 'ุงูุญููุฉ ุงูุฑุงุจุนุฉ ูู ูููู ุงูุฌุฏุนูุฉ', '2021-04-16', 35, 117000),
(15, 3, 3, 5, 'ุงููุบุงูุฑุฉ', 'ุงูุญููุฉ ุงูุฎุงูุณุฉ ูู ูููู ุงูุฌุฏุนูุฉ', '2021-04-17', 35, 113000);

-- ุงููุณุชุฎุฏููู (ูุน ูููุงุช ูุฑูุฑ ููุดูุฑุฉ)
INSERT OR REPLACE INTO users (
    id, username, email, password_hash, full_name, avatar, bio, role, is_active, is_verified
) VALUES
(1, 'admin', 'admin@akwam.com', '$2b$10$9VZJyM8PpqJ5G5G8g8g8gu.SRwJ1IePFsPF25xIyQ8gQgQpQsO6lS', 
 'ูุฏูุฑ ุงููููุน', '/images/avatars/admin.jpg', 'ูุฏูุฑ ูููุน ุงููุงู', 'admin', true, true),
(2, 'moderator', 'mod@akwam.com', '$2b$10$8UYIxL7OoqI4F4F7f7f7fu.QRvI0HdOEqOE24wHxP7fPfPoOqN5kQ', 
 'ูุดุฑู ุงููููุน', '/images/avatars/mod.jpg', 'ูุดุฑู ูุญุชูู ุงููููุน', 'moderator', true, true),
(3, 'user1', 'user1@example.com', '$2b$10$7TXHwK6NnqH3E3E6e6e6eu.PRuH/GcNDpND23vGwO6eOeOnNpM4jP', 
 'ุฃุญูุฏ ูุญูุฏ', '/images/avatars/user1.jpg', 'ูุญุจ ููุฃููุงู ูุงููุณูุณูุงุช', 'user', true, true),
(4, 'user2', 'user2@example.com', '$2b$10$6SWGvJ5MmqG2D2D5d5d5du.OQuG.FbMCnMC12uFvN5dNdNmMoL3iO', 
 'ูุงุทูุฉ ุนูู', '/images/avatars/user2.jpg', 'ุนุงุดูุฉ ุงูุฏุฑุงูุง ุงูุชุฑููุฉ', 'user', true, true),
(5, 'user3', 'user3@example.com', '$2b$10$5RVFuI4LlpF1C1C4c4c4cu.NNtF/EaLBmLB01tEuM4cMcMlLoK2hN', 
 'ูุญูุฏ ุญุณู', '/images/avatars/user3.jpg', 'ูุชุงุจุน ููุฃููุงู ุงูุฃุฌูุจูุฉ', 'user', true, false);

-- ุชุตูููุงุช ุงูุฃููุงู
INSERT OR REPLACE INTO movie_categories (movie_id, category_id) VALUES
(1, 6), (1, 3), -- ุงูููู ุงูุฃุฒุฑู 2: ุฑุนุจุ ุฏุฑุงูุง
(2, 1), (2, 3), -- ุงูููุฑ: ุฃูุดูุ ุฏุฑุงูุง
(3, 2), (3, 6), -- ููุฑุฉ ูุงูุฌู: ููููุฏูุ ุฑุนุจ
(4, 2), -- ุงูุจุฏูุฉ: ููููุฏู
(5, 8), (5, 1), -- 122: ุฌุฑููุฉุ ุฃูุดู
(6, 2), (6, 3), -- ุตูุฏูู ุงูุฏููุง: ููููุฏูุ ุฏุฑุงูุง
(7, 3), -- ุงูุบุฑุจุฉ: ุฏุฑุงูุง
(8, 2), -- ุฃุจู ุดูุจ: ููููุฏู
(9, 1), (9, 2), -- ููุงุฏ ุฑุฒู 2: ุฃูุดูุ ููููุฏู
(10, 7), (10, 3); -- ุงูููุฒ: ูุบุงูุฑุงุชุ ุฏุฑุงูุง

-- ุชุตูููุงุช ุงููุณูุณูุงุช
INSERT OR REPLACE INTO series_categories (series_id, category_id) VALUES
(1, 8), (1, 3), -- ูุนุจุฉ ูููุชู: ุฌุฑููุฉุ ุฏุฑุงูุง
(2, 1), (2, 3), -- ุงูุงุฎุชูุงุฑ: ุฃูุดูุ ุฏุฑุงูุง
(3, 2), -- ูููู ุงูุฌุฏุนูุฉ: ููููุฏู
(4, 3), -- ููุณู: ุฏุฑุงูุง
(5, 1), (5, 8), -- ูุณู ุงูุฃุบุฑุงุจ: ุฃูุดูุ ุฌุฑููุฉ
(6, 3), -- ุงูุจุฑูุณ: ุฏุฑุงูุง
(7, 3), -- ุฃูุงูุฉ ูู ุฑูุจุชู: ุฏุฑุงูุง
(8, 8), (8, 3), -- ููุฑุชูุฌู: ุฌุฑููุฉุ ุฏุฑุงูุง
(9, 5), -- ููููุฏ 25: ุฎูุงู ุนููู
(10, 1), (10, 8); -- ูุฌูุฉ ูุฑุชุฏุฉ: ุฃูุดูุ ุฌุฑููุฉ

-- ุทุงูู ุงูุฃููุงู
INSERT OR REPLACE INTO movie_cast (movie_id, person_id, role_id, character_name, sort_order) VALUES
(1, 4, 1, 'ุฏ. ูุญูู', 1), -- ูุงุณุฑ ุฌูุงู ูู ุงูููู ุงูุฃุฒุฑู 2
(2, 7, 1, 'ุงููููุจ ุฃุญูุฏ', 1), -- ุฃููุฑ ูุฑุงุฑุฉ ูู ุงูููุฑ
(3, 9, 1, 'ููุฑุฉ', 1), -- ูุญูุฏ ููุฏูุญ ูู ููุฑุฉ ูุงูุฌู
(4, 6, 1, 'ุงูุจุทู', 1), -- ูุญูุฏ ุฑูุถุงู ูู ุงูุจุฏูุฉ
(8, 4, 1, 'ุฃุจู ุดูุจ', 1); -- ูุงุณุฑ ุฌูุงู ูู ุฃุจู ุดูุจ

-- ุทุงูู ุงููุณูุณูุงุช
INSERT OR REPLACE INTO series_cast (series_id, person_id, role_id, character_name, sort_order) VALUES
(1, 9, 1, 'ุฏ. ูุงุณูู', 1), -- ูุญูุฏ ููุฏูุญ ูู ูุนุจุฉ ูููุชู
(2, 7, 1, 'ุฃุญูุฏ ุงูููุณู', 1), -- ุฃููุฑ ูุฑุงุฑุฉ ูู ุงูุงุฎุชูุงุฑ
(3, 3, 1, 'ุญูุงุฏุฉ', 1), -- ูุญูุฏ ูููุฏู ูู ูููู ุงูุฌุฏุนูุฉ
(4, 6, 1, 'ููุณู', 1), -- ูุญูุฏ ุฑูุถุงู ูู ููุณู
(10, 7, 1, 'ุงูููุฏู ุฃุญูุฏ', 1); -- ุฃููุฑ ูุฑุงุฑุฉ ูู ูุฌูุฉ ูุฑุชุฏุฉ

-- ุฑูุงุจุท ุงููุดุงูุฏุฉ ูุงูุชุญููู ููุฃููุงู
INSERT OR REPLACE INTO movie_links (movie_id, quality_id, server_name, url, type, size_mb, sort_order) VALUES
-- ุงูููู ุงูุฃุฒุฑู 2
(1, 3, 'ุณูุฑูุฑ 1', 'https://example.com/watch/blue-elephant-2-1080p', 'watch', 0, 1),
(1, 2, 'ุณูุฑูุฑ 2', 'https://example.com/watch/blue-elephant-2-720p', 'watch', 0, 2),
(1, 3, 'ุชุญููู ูุจุงุดุฑ', 'https://example.com/download/blue-elephant-2-1080p.mp4', 'download', 2500, 3),

-- ุงูููุฑ
(2, 3, 'ุณูุฑูุฑ 1', 'https://example.com/watch/the-passage-1080p', 'watch', 0, 1),
(2, 2, 'ุณูุฑูุฑ 2', 'https://example.com/watch/the-passage-720p', 'watch', 0, 2),
(2, 3, 'ุชุญููู ูุจุงุดุฑ', 'https://example.com/download/the-passage-1080p.mp4', 'download', 2200, 3);

-- ุฑูุงุจุท ุงููุดุงูุฏุฉ ูุงูุชุญููู ููุญููุงุช
INSERT OR REPLACE INTO episode_links (episode_id, quality_id, server_name, url, type, size_mb, sort_order) VALUES
-- ูุนุจุฉ ูููุชู - ุงูุญููุฉ 1
(1, 3, 'ุณูุฑูุฑ 1', 'https://example.com/watch/newton-game-e01-1080p', 'watch', 0, 1),
(1, 2, 'ุณูุฑูุฑ 2', 'https://example.com/watch/newton-game-e01-720p', 'watch', 0, 2),
(1, 3, 'ุชุญููู ูุจุงุดุฑ', 'https://example.com/download/newton-game-e01-1080p.mp4', 'download', 800, 3),

-- ุงูุงุฎุชูุงุฑ - ุงูุญููุฉ 1
(6, 3, 'ุณูุฑูุฑ 1', 'https://example.com/watch/the-choice-e01-1080p', 'watch', 0, 1),
(6, 2, 'ุณูุฑูุฑ 2', 'https://example.com/watch/the-choice-e01-720p', 'watch', 0, 2),
(6, 3, 'ุชุญููู ูุจุงุดุฑ', 'https://example.com/download/the-choice-e01-1080p.mp4', 'download', 900, 3);

-- ุงูุชููููุงุช
INSERT OR REPLACE INTO ratings (user_id, content_type, content_id, rating, review) VALUES
(3, 'movie', 1, 8, 'ูููู ุฑุงุฆุน ุฌุฏุงูุ ุงูุชูุซูู ูุงูุฅุฎุฑุงุฌ ูู ุงูููุฉ'),
(4, 'movie', 1, 9, 'ูู ุฃูุถู ุฃููุงู ุงูุฑุนุจ ุงูุนุฑุจูุฉ'),
(5, 'movie', 2, 10, 'ูููู ูุทูู ุฑุงุฆุน ูุณุชุญู ุงููุดุงูุฏุฉ'),
(3, 'series', 1, 9, 'ูุณูุณู ูุดูู ุฌุฏุงูุ ุฃุญุฏุงุซ ูุชุณุงุฑุนุฉ'),
(4, 'series', 2, 10, 'ูุณูุณู ุชุงุฑูุฎู ุฑุงุฆุน ุนู ุจุทููุงุช ุงูุฌูุด'),
(5, 'series', 1, 8, 'ูุตุฉ ุฌูููุฉ ูุชูุซูู ููุชุงุฒ');

-- ุงูุชุนูููุงุช
INSERT OR REPLACE INTO comments (user_id, content_type, content_id, comment, likes_count) VALUES
(3, 'movie', 1, 'ูููู ูููุฒ ุฌุฏุงูุ ูุงุณุฑ ุฌูุงู ุฃุจุฏุน ูู ุงูุชูุซูู', 15),
(4, 'movie', 2, 'ูููู ูุทูู ุฑุงุฆุน ูุฌุนูู ูุฎูุฑ ุจุจูุฏู', 22),
(5, 'series', 1, 'ูู ุฃุฌูู ุงููุณูุณูุงุช ุงูุชู ุดุงูุฏุชูุง ูุฐุง ุงูุนุงู', 18),
(3, 'series', 2, 'ูุณูุณู ูุญูู ุชุงุฑูุฎ ุญูููู ุจุทุฑููุฉ ูุดููุฉ', 25),
(4, 'episode', 1, 'ุญููุฉ ููุชุงุฒุฉุ ุจุฏุงูุฉ ูููุฉ ูููุณูุณู', 8),
(5, 'episode', 6, 'ุญููุฉ ูุคุซุฑุฉ ุฌุฏุงูุ ุงูุชูุซูู ุฑุงุฆุน', 12);

-- ุงูููุถูุฉ
INSERT OR REPLACE INTO favorites (user_id, content_type, content_id) VALUES
(3, 'movie', 1),
(3, 'movie', 2),
(3, 'series', 1),
(4, 'movie', 1),
(4, 'series', 2),
(5, 'movie', 2),
(5, 'series', 1),
(5, 'series', 2);

-- ููุงุฆู ุงููุดุงูุฏุฉ
INSERT OR REPLACE INTO watchlists (id, user_id, name, description, is_public) VALUES
(1, 3, 'ุฃููุงูู ุงูููุถูุฉ', 'ูุงุฆูุฉ ุฃููุงูู ุงูููุถูุฉ ููุฐุง ุงูุนุงู', true),
(2, 4, 'ูุณูุณูุงุช ุฑูุถุงู', 'ูุณูุณูุงุช ุฑูุถุงู ุงููููุฒุฉ', false),
(3, 5, 'ูููุดุงูุฏุฉ ูุงุญูุงู', 'ูุงุฆูุฉ ุงููุญุชูู ูููุดุงูุฏุฉ ูุงุญูุงู', false);

-- ุนูุงุตุฑ ููุงุฆู ุงููุดุงูุฏุฉ
INSERT OR REPLACE INTO watchlist_items (watchlist_id, content_type, content_id) VALUES
(1, 'movie', 1),
(1, 'movie', 2),
(2, 'series', 1),
(2, 'series', 2),
(3, 'movie', 3),
(3, 'series', 3);

-- ุณุฌู ุงููุดุงูุฏุฉ
INSERT OR REPLACE INTO watch_history (user_id, content_type, content_id, watch_duration, total_duration, progress, is_completed) VALUES
(3, 'movie', 1, 8100, 10200, 79.4, false),
(3, 'episode', 1, 2700, 2700, 100.0, true),
(4, 'movie', 2, 6000, 6000, 100.0, true),
(4, 'episode', 6, 3000, 3000, 100.0, true),
(5, 'episode', 1, 1800, 2700, 66.7, false);

-- ุงูุฅุดุนุงุฑุงุช
INSERT OR REPLACE INTO notifications (user_id, title, message, type, is_read) VALUES
(3, 'ุญููุฉ ุฌุฏูุฏุฉ', 'ุชู ุฅุถุงูุฉ ุญููุฉ ุฌุฏูุฏุฉ ูู ูุณูุณู ูุนุจุฉ ูููุชู', 'info', false),
(4, 'ูููู ุฌุฏูุฏ', 'ุชู ุฅุถุงูุฉ ูููู ุฌุฏูุฏ ูู ูุณู ุงูุฃููุงู', 'success', true),
(5, 'ุชุญุฏูุซ ุงููููุน', 'ุชู ุชุญุฏูุซ ูุงุฌูุฉ ุงููููุน ุจููุฒุงุช ุฌุฏูุฏุฉ', 'info', false);

-- ุงูุฅุนูุงูุงุช
INSERT OR REPLACE INTO ads (
    title, type, position, content, image_url, click_url, 
    impression_count, click_count, start_date, end_date, priority
) VALUES
('ุฅุนูุงู ุงูุจุงูุฑ ุงูุนููู', 'banner', 'header', 
 '<div>ูุญุชูู ุงูุฅุนูุงู</div>', '/images/ads/header-banner.jpg', 
 'https://example.com/ad1', 1500, 45, '2024-01-01', '2024-12-31', 1),
 
('ุฅุนูุงู ุงูุดุฑูุท ุงูุฌุงูุจู', 'banner', 'sidebar', 
 '<div>ุฅุนูุงู ุฌุงูุจู</div>', '/images/ads/sidebar-banner.jpg', 
 'https://example.com/ad2', 1200, 32, '2024-01-01', '2024-12-31', 2),
 
('ุฅุนูุงู ููุฏูู', 'video', 'content', 
 '', '', 'https://example.com/ad3', 800, 28, '2024-01-01', '2024-12-31', 3);

-- ุงูุตูุญุงุช ุงูุซุงุจุชุฉ
INSERT OR REPLACE INTO pages (title, slug, content, meta_description) VALUES
('ูู ูุญู', 'about', 
 '<h1>ูู ูุญู</h1><p>ูููุน ุงููุงู ูู ุงููููุน ุงูุนุฑุจู ุงูุฃูู ููุฃููุงู ูุงููุณูุณูุงุช...</p>',
 'ุชุนุฑู ุนูู ูููุน ุงููุงู ูุฑุณุงูุชูุง ูู ุชูุฏูู ุฃูุถู ูุญุชูู ุนุฑุจู'),
 
('ุณูุงุณุฉ ุงูุฎุตูุตูุฉ', 'privacy', 
 '<h1>ุณูุงุณุฉ ุงูุฎุตูุตูุฉ</h1><p>ูุญู ูู ุงููุงู ูุญุชุฑู ุฎุตูุตูุชู...</p>',
 'ุณูุงุณุฉ ุงูุฎุตูุตูุฉ ููููุน ุงููุงู'),
 
('ุดุฑูุท ุงูุงุณุชุฎุฏุงู', 'terms', 
 '<h1>ุดุฑูุท ุงูุงุณุชุฎุฏุงู</h1><p>ุจุงุณุชุฎุฏุงูู ููููุน ุงููุงู ูุฅูู ุชูุงูู ุนูู...</p>',
 'ุดุฑูุท ุงูุงุณุชุฎุฏุงู ููููุน ุงููุงู'),
 
('ุงุชุตู ุจูุง', 'contact', 
 '<h1>ุงุชุตู ุจูุง</h1><p>ููุชูุงุตู ูุนูุง ููููู ุงุณุชุฎุฏุงู ุงูุทุฑู ุงูุชุงููุฉ...</p>',
 'ุชูุงุตู ูุนูุง ูู ูููุน ุงููุงู');

-- ุงูููุงุฆู
INSERT OR REPLACE INTO menus (id, name, location) VALUES
(1, 'ุงููุงุฆูุฉ ุงูุฑุฆูุณูุฉ', 'header'),
(2, 'ูุงุฆูุฉ ุงูุชุฐููู', 'footer'),
(3, 'ุงููุงุฆูุฉ ุงูุฌุงูุจูุฉ', 'sidebar');

-- ุนูุงุตุฑ ุงูููุงุฆู
INSERT OR REPLACE INTO menu_items (menu_id, title, url, icon, sort_order) VALUES
-- ุงููุงุฆูุฉ ุงูุฑุฆูุณูุฉ
(1, 'ุงูุฑุฆูุณูุฉ', '/', 'home', 1),
(1, 'ุฃููุงู', '/movies', 'movie', 2),
(1, 'ูุณูุณูุงุช', '/series', 'tv', 3),
(1, 'ุชููุฒููู', '/shows', 'broadcast', 4),
(1, 'ูููุนุงุช', '/mix', 'variety', 5),

-- ูุงุฆูุฉ ุงูุชุฐููู
(2, 'ูู ูุญู', '/about', '', 1),
(2, 'ุณูุงุณุฉ ุงูุฎุตูุตูุฉ', '/privacy', '', 2),
(2, 'ุดุฑูุท ุงูุงุณุชุฎุฏุงู', '/terms', '', 3),
(2, 'ุงุชุตู ุจูุง', '/contact', '', 4),

-- ุงููุงุฆูุฉ ุงูุฌุงูุจูุฉ
(3, 'ุฃุญุฏุซ ุงูุฅุถุงูุงุช', '/recent', 'recent', 1),
(3, 'ุงูุฃูุซุฑ ูุดุงูุฏุฉ', '/trending', 'trending', 2),
(3, 'ุงูููุถูุฉ', '/favorites', 'favorite', 3),
(3, 'ููุงุฆู ุงููุดุงูุฏุฉ', '/watchlists', 'watchlist', 4);